{"cameraMode":{"drawMode":0,"name":"Shaded","section":"Shading Mode"},"sceneLighting":true,"audioPlay":false,"sceneViewState":{"m_AlwaysRefresh":false,"showFog":true,"showSkybox":true,"showFlares":true,"showImageEffects":true,"showParticleSystems":true,"showVisualEffectGraphs":true,"m_FxEnabled":true},"in2DMode":false,"pivot":{"x":11.704054832458496,"y":4.9186296463012699,"z":0.2839544415473938},"rotation":{"x":0.13585731387138368,"y":0.6850508451461792,"z":-0.13231733441352845,"w":0.7033793330192566},"size":9.15861701965332,"orthographic":false}