{"cameraMode":{"drawMode":0,"name":"Shaded","section":"Shading Mode"},"sceneLighting":false,"audioPlay":false,"sceneViewState":{"m_AlwaysRefresh":false,"showFog":true,"showSkybox":false,"showFlares":true,"showImageEffects":true,"showParticleSystems":true,"showVisualEffectGraphs":true,"m_FxEnabled":true},"in2DMode":false,"pivot":{"x":0.00003886222839355469,"y":1.1331768035888672,"z":-1.61577570438385},"rotation":{"x":0.13585731387138368,"y":0.6850508451461792,"z":-0.13231733441352845,"w":0.7033793330192566},"size":1.5991666316986085,"orthographic":false}